Title,Speaker,Scripture,Date_Dirty,Date,YouTube URL,ID,Sort ID,Spotify URL
Jesus Our Great High Priest,Adrian Amo-Mensah,Hebrews 4:14-16,Sun Jan 15 2023 00:00:00 GMT+0000 (Greenwich Mean Time),15 Jan 2023,,M6ovazoe4xs,321,
Insist on the Gospel,Zeth Hill,Titus 3:1-11,Sun Jan 08 2023 00:00:00 GMT+0000 (Greenwich Mean Time),08 Jan 2023,,AmMatubE8As,320,
Weak... But Strengthened by God,Ryan King,2 Corinthians 13:11-14,Sun Jan 01 2023 00:00:00 GMT+0000 (Greenwich Mean Time),01 Jan 2023,,Rs3qFave10U,319,
Here Was a Man,Ryan King,Hebrews 2:14-18,Sun Dec 25 2022 00:00:00 GMT+0000 (Greenwich Mean Time),25 Dec 2022,,p7Py4zLqYB4,318,
We Believe: The Holy Spirit,Ryan King,Romans 8:1-17,Sun Dec 18 2022 00:00:00 GMT+0000 (Greenwich Mean Time),18 Dec 2022,,rE7nPSS2zn0,317,
We Believe: The Ascension,Ryan King,Acts 1:6-11,Sun Dec 04 2022 00:00:00 GMT+0000 (Greenwich Mean Time),04 Dec 2022,,tSCtvls7tAU,316,
What is a Disciple?,Zeth Hill,Luke 9:23-27,Sun Dec 04 2022 00:00:00 GMT+0000 (Greenwich Mean Time),04 Dec 2022,,UdJR7hLPOZ8,315,
Weak but Confident: Strong Weakness,Ryan King,2 Corinthians 11:30,Sun Nov 27 2022 00:00:00 GMT+0000 (Greenwich Mean Time),27 Nov 2022,,olN59bKIxIM,314,
The Blessing of Older Saints,Steve Burton,Genesis 48,Sun Nov 20 2022 00:00:00 GMT+0000 (Greenwich Mean Time),20 Nov 2022,,xL_dupM6KEA,313,
Living in Confident Fear,Israel Silva,1 Peter 1:17,Sun Nov 20 2022 00:00:00 GMT+0000 (Greenwich Mean Time),20 Nov 2022,,gYYl9e2URqA,312,
We Believe: The Cross and Resurrection,Ryan King,Romans 5:6-11,Sun Nov 13 2022 00:00:00 GMT+0000 (Greenwich Mean Time),13 Nov 2022,,cBYv1Y3ab-g,311,
Our Unity in Christ,Chris Adamou,Colossians 1:15-20,Sun Nov 13 2022 00:00:00 GMT+0000 (Greenwich Mean Time),13 Nov 2022,,6KXCtCd8DOM,310,
We Believe: Doctrine of the Incarnation,Ryan King,Matthew 1:18-25,Sun Nov 06 2022 00:00:00 GMT+0000 (Greenwich Mean Time),06 Nov 2022,,1B4oHOxHDpE,309,
Weak... But Confident: Wise Foolishness,Ryan King,2 Corinthians 10:16-33,Sun Nov 06 2022 00:00:00 GMT+0000 (Greenwich Mean Time),06 Nov 2022,,J1xZBfG_s_8,308,
"Set Apart for Me: Why We Do Not Lose, but Send",Ryan King,Acts 13:1-3,Sun Oct 30 2022 00:00:00 GMT+0100 (British Summer Time),30 Oct 2022,,XtUirvLrm1s,307,
We Believe: The Doctrine of Election,Ryan King,Ephesians 1:3-14,Sun Oct 23 2022 00:00:00 GMT+0100 (British Summer Time),23 Oct 2022,,DuLFpaMNt2U,306,
Weak... But Confident: Divine Jealousy,Ryan King,2 Corinthians 11:1-15,Sun Oct 23 2022 00:00:00 GMT+0100 (British Summer Time),23 Oct 2022,,UfXf4tdgKBQ,305,
We Believe: Total Inability,Ryan King,Romans 1:18-32,Sun Oct 16 2022 00:00:00 GMT+0100 (British Summer Time),16 Oct 2022,,2FGk_dzxKNE,304,
Weak... But Confident: Humble Boasting,Ryan King,2 Corinthians 10:7-18,Sun Oct 16 2022 00:00:00 GMT+0100 (British Summer Time),16 Oct 2022,,-i79a_i14rQ,303,
Weak... But Coming Together: Gentle Boldness,Ryan King,2 Corinthians 10:1-7,Sun Oct 02 2022 00:00:00 GMT+0100 (British Summer Time),02 Oct 2022,,iXJtmkKm2PE,302,
Why We Baptise,Ryan King,Acts 2:37-39,Sun Sep 25 2022 00:00:00 GMT+0100 (British Summer Time),25 Sep 2022,,C9wcdwkzzPA,301,
We Believe: The Doctrine of Man,Ryan King,Genesis 1:26-2:3,Sun Sep 18 2022 00:00:00 GMT+0100 (British Summer Time),18 Sep 2022,,uAQ4mLoNUnc,300,
Weak... But Coming Together: To Give Part 2,Ryan King,2 Corinthians 9:6-15,Sun Sep 18 2022 00:00:00 GMT+0100 (British Summer Time),18 Sep 2022,,3baZX1jQZHA,299,
We Believe: The Doctrine of Scripture,Ryan King,2 Timothy 3:14-17,Sun Sep 11 2022 00:00:00 GMT+0100 (British Summer Time),11 Sep 2022,,Ulsk4cKo74s,298,
"The Queen is Dead, Long Live the King",Ryan King,1 Timothy 1:12-2:7,Sun Sep 11 2022 00:00:00 GMT+0100 (British Summer Time),11 Sep 2022,,ks8KoVJgwDQ,297,
We Believe: The One True and Living God,Ryan King,Genesis 1:1,Sun Sep 04 2022 00:00:00 GMT+0100 (British Summer Time),04 Sep 2022,,pI1EvlM7b9o,296,
Weak... But Coming Together: To Give Part 1,Ryan King,2 Corinthians 8:9-5,Sun Sep 04 2022 00:00:00 GMT+0100 (British Summer Time),04 Sep 2022,,iir8zBzS8A0,295,
Weak... But Coming Together: What is Achieved by Coming Together?,Ryan King,2 Corinthians 7:2-16,Sun Aug 28 2022 00:00:00 GMT+0100 (British Summer Time),28 Aug 2022,,cWqNuqCmkUI,294,
We Believe: Introduction,Ryan King,Hebrews 10:19-25,Sun Aug 21 2022 00:00:00 GMT+0100 (British Summer Time),21 Aug 2022,,Lt60y_vCR9w,293,
Weak... But Coming Together: Restrictions to Coming Together,Ryan King,2 Corinthians 6:11-7:1,Sun Aug 21 2022 00:00:00 GMT+0100 (British Summer Time),21 Aug 2022,,XdsiWThDDQ8,292,
Weak... But Coming Together: The Ministry of Coming Together,Ryan King,2 Corinthians 6:1-10,Sun Aug 14 2022 00:00:00 GMT+0100 (British Summer Time),14 Aug 2022,,rePYjUhkie0,291,
Weak... But Coming Together: The Message of Coming Together,Ryan King,2 Corinthians 5:11-21,Sun Aug 07 2022 00:00:00 GMT+0100 (British Summer Time),07 Aug 2022,,SmlDbTwdBKk,290,
Praise God,Hudson Caldwell,Romans 11:33-36,Sun Aug 07 2022 00:00:00 GMT+0100 (British Summer Time),07 Aug 2022,,XaBMlybuEGw,289,
A Reaffirmation of Love,Adetayo Adeoye,Philemon,Sun Jul 31 2022 00:00:00 GMT+0100 (British Summer Time),31 Jul 2022,,93PrhW3QPW8,288,
Pray to the Lord of the Harvest,Adrian Yeboah,Matthew 9:35-38,Sun Jul 24 2022 00:00:00 GMT+0100 (British Summer Time),24 Jul 2022,,21yy6YaUHP8,287,
Prayer and Repentance,Charles Efedua,Proverbs 28:13–14,Sun Jul 24 2022 00:00:00 GMT+0100 (British Summer Time),24 Jul 2022,,g1dB6WQ3PjM,286,
Praying a Life Pleasing Unto God,Charles Efedua,Colossians 1:9-14,Sun Jul 17 2022 00:00:00 GMT+0100 (British Summer Time),17 Jul 2022,,MlZJnX0Q5Ss,285,
The Fear of Man and the Freedom of Justification,Adrian Amo-Mensah,John 12:20-43,Sun Jul 17 2022 00:00:00 GMT+0100 (British Summer Time),17 Jul 2022,,hQfnCo0AIzA,284,
Grow in the Midst of Weeds,Manis Uduoborie,Matthew 13:24-30,Sun Jul 10 2022 00:00:00 GMT+0100 (British Summer Time),10 Jul 2022,,cO4yJfL6rOw,283,
When Praise Demands a Sacrifice,Regan King,Psalm 150,Sun Jul 03 2022 00:00:00 GMT+0100 (British Summer Time),03 Jul 2022,,pLmEqriVsvQ,282,
Goodbye Instructions,Ryan King,Ephesians 3:14-4:16,Sun Jun 26 2022 00:00:00 GMT+0100 (British Summer Time),26 Jun 2022,,HEaCtsGJ1NM,281,
Worship in the Weeping,Brady Groves,2 Samuel 12:15-23,Sun Jun 19 2022 00:00:00 GMT+0100 (British Summer Time),19 Jun 2022,,VCn88CzAT4U,280,
Weak... But Carrying on Through Death,Ryan King,2 Corinthians 4:16-5:10,Sun Jun 19 2022 00:00:00 GMT+0100 (British Summer Time),19 Jun 2022,,7LYwQyJp3Mk,279,
God Has His Hand on You,Scott Cook,Isaiah 7:1-9; 8:11-22,Sun Jun 12 2022 00:00:00 GMT+0100 (British Summer Time),12 Jun 2022,,vKTTzaDFhZw,278,
Meditating on God's Law Enriches Our Prayer Life,Charles Efedua,Psalm 1,Fri Jun 10 2022 00:00:00 GMT+0100 (British Summer Time),10 Jun 2022,,gFcCbcjkAxQ,277,
Take the Lowest Seat,Zeth Hill,"Luke 14:1, 7-11",Sun Jun 05 2022 00:00:00 GMT+0100 (British Summer Time),05 Jun 2022,,4gk-fqq9EuU,276,
The Outpouring of the Holy Spirit,Ryan King,Joel 2:28-29,Sun Jun 05 2022 00:00:00 GMT+0100 (British Summer Time),05 Jun 2022,,dNs1qSZrLu0,275,
Where Are You Standing?,Adrian Amo-Mensah,Luke 18:9-14,Sun May 29 2022 00:00:00 GMT+0100 (British Summer Time),29 May 2022,,loWK58072G8,274,
With Shameless Audacity,Scott Cook,Luke 7:24-50,Sun May 22 2022 00:00:00 GMT+0100 (British Summer Time),22 May 2022,,tatlTCGjmuw,273,
Weak... But Carrying on Through Damage,Ryan King,2 Corinthians 4:7-18,Sun May 22 2022 00:00:00 GMT+0100 (British Summer Time),22 May 2022,,th6dcgldb9I,272,
"What Does It Look Like To ""Walk Worthy""?",Ryan King,Philippians 1:27-30,Sun May 08 2022 00:00:00 GMT+0100 (British Summer Time),08 May 2022,,SXryiJa00ZU,271,
Weak... But Carrying on Through Darkness Part 1,Ryan King,2 Corinthians 3:7-18,Sun May 08 2022 00:00:00 GMT+0100 (British Summer Time),08 May 2022,,HSAWv81ZbyQ,270,
Persevering in Trials and Tribulations,Drew Moss,Philippians 3:4-16,Sun May 01 2022 00:00:00 GMT+0100 (British Summer Time),01 May 2022,,xpNnk35da6E,269,
Weak... But Carrying on When Doubted,Ryan King,2 Corinthians 2:16-3:6,Sun May 01 2022 00:00:00 GMT+0100 (British Summer Time),01 May 2022,,5HXiCyOEkBk,268,
Make Your Mind Instruct Your Heart,Israel Silva,1 Peter 1:13-16,Sun Apr 24 2022 00:00:00 GMT+0100 (British Summer Time),24 Apr 2022,,UHC8A8272q0,267,
The Marks of a True Friend,Charles Efedua,2 Samuel 15,Sun Apr 24 2022 00:00:00 GMT+0100 (British Summer Time),24 Apr 2022,,QOvzB-lW14s,266,
Christ is Risen,Ryan King,1 Corinthians 15:1-11,Sun Apr 17 2022 00:00:00 GMT+0100 (British Summer Time),17 Apr 2022,,x1xkPdBf0I0,265,
Small Groups and the Church's Heartbeat,Ryan King,Acts 2:42-47,Sun Apr 10 2022 00:00:00 GMT+0100 (British Summer Time),10 Apr 2022,,GgoRAep3qrE,264,
Will You Receive Jesus?,Ryan King,John 1:10-13,Sun Apr 10 2022 00:00:00 GMT+0100 (British Summer Time),10 Apr 2022,,wIONP9PKp-w,263,
The Character Changing Power of the Gospel,Charles Efedua,Philemon 1-7,Sun Apr 03 2022 00:00:00 GMT+0100 (British Summer Time),03 Apr 2022,,zQlHradioeo,262,
A Grace Envied by Prophets and Angels,Israel Silva,1 Peter 1:10-12,Sun Apr 03 2022 00:00:00 GMT+0100 (British Summer Time),03 Apr 2022,,bKlFAwj5cpU,261,
Weak... But Carrying on When Diverted,Ryan King,2 Corinthians 2:12-17,Sun Mar 27 2022 00:00:00 GMT+0000 (Greenwich Mean Time),27 Mar 2022,,IsFtNGlONmc,260,
Weak... But Comforted Through a Church's Pain,Ryan King,2 Corinthians 2:5-11,Sun Mar 20 2022 00:00:00 GMT+0000 (Greenwich Mean Time),20 Mar 2022,,XJd8WqFTdqo,259,
Who Am I? Simon Peter and Our Questions of Identity,Ryan King,John 1:35-43,Sun Mar 13 2022 00:00:00 GMT+0000 (Greenwich Mean Time),13 Mar 2022,,4fAo5rRdmKo,258,
Weak... But Comforted Through a Leader’S Pain,Ryan King,2 Corinthians 1:23-2:4,Sun Mar 13 2022 00:00:00 GMT+0000 (Greenwich Mean Time),13 Mar 2022,,F5h2ClkUeIU,257,
Weak...but Comforted by God's Promises,Ryan King,2 Corinthians 1:12-24,Sun Mar 06 2022 00:00:00 GMT+0000 (Greenwich Mean Time),06 Mar 2022,,8h1cHL9gcaY,256,
A Gospel Story,Charles Efedua,Philemon,Sun Feb 27 2022 00:00:00 GMT+0000 (Greenwich Mean Time),27 Feb 2022,,QuA3SRidXSk,255,
"Faint, Yet Pursuing",Ryan King,Judges 8:4,Sun Feb 20 2022 00:00:00 GMT+0000 (Greenwich Mean Time),20 Feb 2022,,sA8pUEMKHDA,254,
Weak... But Comforted by God's Power,Ryan King,2 Corinthians,Sun Feb 20 2022 00:00:00 GMT+0000 (Greenwich Mean Time),20 Feb 2022,,cirfP1q-Ihc,253,
One Night in Corinth,Ryan King,Acts 18:1-17,Sun Feb 13 2022 00:00:00 GMT+0000 (Greenwich Mean Time),13 Feb 2022,,GHSUwH_fjew,252,
Strong Weakness: God's Power in Our Frailty and Foolishness,Ryan King,2 Corinthians 1:1-2,Sun Feb 13 2022 00:00:00 GMT+0000 (Greenwich Mean Time),13 Feb 2022,,DrrK3sjbCzk,251,
Forgiven Much?,David Omenyo,Luke 7:36-8:3,Sun Feb 06 2022 00:00:00 GMT+0000 (Greenwich Mean Time),06 Feb 2022,,mzbU17k0NAA,250,
How Do I Know if I Am Good Soil?,Ryan King,"Matthew 13:8-9, 23",Sun Jan 30 2022 00:00:00 GMT+0000 (Greenwich Mean Time),30 Jan 2022,,kRXANA4c4pE,249,
How Do You Respond to Hard Things in Life?,Ryan King,"Matthew 13:5-7, 20-22",Sun Jan 23 2022 00:00:00 GMT+0000 (Greenwich Mean Time),23 Jan 2022,,VVmK-qgF_6A,248,
Joy Through Profitable Trials,Israel Silva,1 Peter 1:6-7,Sun Jan 23 2022 00:00:00 GMT+0000 (Greenwich Mean Time),23 Jan 2022,,z7rofzquJhY,247,
Do You Have a Hard Heart?,Ryan King,"Matthew 13:1-4, 18-19",Sun Jan 16 2022 00:00:00 GMT+0000 (Greenwich Mean Time),16 Jan 2022,,tXjnEUX0vuk,246,
Persevering With a God-Given Faith,Israel Silva,1 Peter 1:3-5,Sun Jan 16 2022 00:00:00 GMT+0000 (Greenwich Mean Time),16 Jan 2022,,-N-VnslMTm4,245,
God With Us,Regan King,Psalm 132,Sun Jan 09 2022 00:00:00 GMT+0000 (Greenwich Mean Time),09 Jan 2022,,bcmSaOdjEz4,244,
A Future Inheritance and a Present Hope,Israel Silva,1 Peter 1:3-4,Sun Jan 09 2022 00:00:00 GMT+0000 (Greenwich Mean Time),09 January 2022,,x03z8fogJuk,243,
Yesterday,Ryan King,Luke 2:8-20,Sun Dec 26 2021 00:00:00 GMT+0000 (Greenwich Mean Time),26 December 2021,,51KzK_1QaSQ,242,
Things That Are Not,Ryan King,1 Corinthians 1:28,2021-12-25T23:56:40Z,25 December 2021,,5j7E1U90ub4,241,
Blessed Be the God of Our Lord Jesus Christ,Israel Silva,1 Peter 1:3,Sun Dec 19 2021 00:00:00 GMT+0000 (Greenwich Mean Time),19 Dec 2021,,_FHNdPSi5-k,240,
Expecting - Good News of Great Joy: Jesus,Ryan King,Matthew 1:18-25,Sun Dec 19 2021 00:00:00 GMT+0000 (Greenwich Mean Time),19 December 2021,,4nKSjeaCxE0,239,
Fear Not,Ryan King,Luke 2:10-12,Sun Dec 12 2021 00:00:00 GMT+0000 (Greenwich Mean Time),12 Dec 2021,,Mc4y4nxpiPM,238,
Expecting - Good News of Great Joy: John,Ryan King,Luke 1:5-29,Sun Dec 12 2021 00:00:00 GMT+0000 (Greenwich Mean Time),12 December 2021,,RHmL7zUBv04,237,
Blessed Be the Father of Our Lord Jesus,Israel Silva,1 Peter 1:3,Sun Dec 05 2021 00:00:00 GMT+0000 (Greenwich Mean Time),05 Dec 2021,,lGGxv6OB6gw,236,
Expecting - Good News of Great Joy: Solomon,Ryan King,1 Chronicles 22:1-10,Sun Dec 05 2021 00:00:00 GMT+0000 (Greenwich Mean Time),05 December 2021,,BpFfWtqQCmY,235,
Expecting - Good News of Great Joy: Samson,Ryan King,Judges 13:1-5,Sun Nov 28 2021 00:00:00 GMT+0000 (Greenwich Mean Time),28 November 2021,,Ktni8KqVc-M,234,
Serving in the Spirit of Brotherhood,Charles Efedua,Romans 12:9-21,Sun Nov 21 2021 00:00:00 GMT+0000 (Greenwich Mean Time),21 Nov 2021,,iflf7Teh4vc,233,
Chosen to Obey Jesus,Israel Silva,1 Peter 1:1-2,Sun Nov 21 2021 00:00:00 GMT+0000 (Greenwich Mean Time),21 November 2021,,RClGbmOv8-k,232,
Thinking About the Body,Charles Efedua,Romans 12:3-8,Sun Nov 14 2021 00:00:00 GMT+0000 (Greenwich Mean Time),14 Nov 2021,,92VqyOg0XzI,231,
Expecting - Good News of Great Joy: Isaac,Ryan King,Genesis 17:15-21,Sun Nov 14 2021 00:00:00 GMT+0000 (Greenwich Mean Time),14 November 2021,,vM_YnxmjKSs,230,
"Prepared for a Fight, but Weeping for Their Crown",Grayson Furnham,2 Timothy 3-4:4,Tue Nov 09 2021 00:00:00 GMT+0000 (Greenwich Mean Time),09 Nov 2021,,9xHB9zlaZOI,229,
Expecting - Good News of Great Joy: Ishmael,Ryan King,Genesis 16,Sun Nov 07 2021 00:00:00 GMT+0000 (Greenwich Mean Time),07 November 2021,,dcaX0F7arXo,228,
Beliefs of a Reformational Church: Glory to God,Ryan King,Ephesians 3:14-21,Sun Oct 31 2021 00:00:00 GMT+0100 (British Summer Time),31 October 2021,,TtsvhO-hcfY,227,
Beliefs of a Reformational Church: Christ,Ryan King,Hebrews 10:1-10,Sun Oct 24 2021 00:00:00 GMT+0100 (British Summer Time),24 October 2021,,2-Xi_2IovV4,226,
The Baptism of Jesus,Charles Efedua,Matthew 3:13-17,Sun Oct 17 2021 00:00:00 GMT+0100 (British Summer Time),17 Oct 2021,,5_32YJJuFp8,225,
Beliefs of a Reformational Church: Grace,Ryan King,Ephesians 2:8-10,Sun Oct 17 2021 00:00:00 GMT+0100 (British Summer Time),17 October 2021,,WxkaWs3jwXI,224,
An Unexpected Kindness,Charles Efedua,2 Samuel 9,Sun Oct 10 2021 00:00:00 GMT+0100 (British Summer Time),10 Oct 2021,,gMma0XqGzic,223,
Beliefs of a Reformational Church: Faith,Ryan King,Galatians 2:15-17,Sun Oct 10 2021 00:00:00 GMT+0100 (British Summer Time),10 October 2021,,LVWZpqyTPGE,222,
Beliefs of a Reformational Church: Scripture,Ryan King,2 Timothy 3:15-17,Sun Oct 03 2021 00:00:00 GMT+0100 (British Summer Time),03 October 2021,,NyAXnn6aTCE,221,
Why We Go: Social Action,Ryan King,James 2:14-26,Sun Sep 26 2021 00:00:00 GMT+0100 (British Summer Time),26 September 2021,,rXyQl9xeIrA,220,
"The Law, Love and Commandments",Michael Ndebumadu,Romans 13:8-10,Sun Sep 19 2021 00:00:00 GMT+0100 (British Summer Time),19 Sep 2021,,8A8uVIdKxKU,219,
"Dead in Sin, Made Alive in Christ",Israel Silva,Ephesians 2:1-6,Sun Sep 19 2021 00:00:00 GMT+0100 (British Summer Time),19 September 2021,,EXPaiKL09mc,218,
Getting to the Heart of Forgiveness,Charles Efedua,Matthew 6:14-15,Sun Sep 12 2021 00:00:00 GMT+0100 (British Summer Time),12 Sep 2021,,dzsdM30WDhE,217,
Why We Go: Personal & Public Evangelism,Ryan King,John 4:1-42,Sun Sep 12 2021 00:00:00 GMT+0100 (British Summer Time),12 September 2021,,OrOWmWR8NkM,216,
Why We Gather,Ryan King,Hebrews 10:19-25,Sun Sep 05 2021 00:00:00 GMT+0100 (British Summer Time),05 September 2021,,r8xWW51rbrs,215,
Lead Us Not Into Temptation,Charles Efedua,Matthew 6:13,Sun Aug 22 2021 00:00:00 GMT+0100 (British Summer Time),22 August 2021,,OiG7zG1--Eg,214,
The End of the Matter,Adrian Yeboah,Ecclesiastes 12:9-14,Sun Aug 22 2021 00:00:00 GMT+0100 (British Summer Time),22 August 2021,,OVImVU3psXY,213,
Growing in Maturity,Charles Efedua,Ephesians 4:1-16,Sun Aug 15 2021 00:00:00 GMT+0100 (British Summer Time),15 August 2021,,VdqJwEhrKLU,212,
Restless Cycles,Adrian Yeboah,Ecclesiastes 1:1-11,Sun Aug 15 2021 00:00:00 GMT+0100 (British Summer Time),15 August 2021,,Pd9y1fCYU90,211,
Does the Gospel Need a Private Jet?,Wale Akinrogunde,Acts 2:41-47,Sun Aug 08 2021 00:00:00 GMT+0100 (British Summer Time),08 August 2021,,adDL7fKXJPc,210,
Why We Fellowship,Ryan King,Acts 2:42-47,Sun Aug 08 2021 00:00:00 GMT+0100 (British Summer Time),08 August 2021,,meXG1FYroKI,209,
Why We Take the Lord's Supper,Ryan King,1 Corinthians 11:17-34,Sun Aug 01 2021 00:00:00 GMT+0100 (British Summer Time),01 August 2021,,psTP9AUG1tQ,208,
Forgiven and Forgiving,Charles Efedua,Matthew 6:12,Sun Jul 25 2021 00:00:00 GMT+0100 (British Summer Time),25 July 2021,,syTgJrGCKMk,207,
Why We Baptise,Ryan King,Acts 2:38,Sun Jul 25 2021 00:00:00 GMT+0100 (British Summer Time),25 July 2021,,UjSEe-GRHBA,206,
Praying in Your Daily Needs,Charles Efedua,Matthew 6:11,Sun Jul 18 2021 00:00:00 GMT+0100 (British Summer Time),18 July 2021,,0t4QT5HTeqk,205,
Why We Preach,Ryan King,Ezekiel 37:1-14,Sun Jul 18 2021 00:00:00 GMT+0100 (British Summer Time),18 July 2021,,dpIl81EOdGY,204,
God's Will for Our Lives,Charles Efedua,Matthew 6:10,Sun Jul 11 2021 00:00:00 GMT+0100 (British Summer Time),11 July 2021,,XDRsbuPb7Cg,203,
Why We Pray,Ryan King,Nehemiah 1:4-11,Sun Jul 11 2021 00:00:00 GMT+0100 (British Summer Time),11 July 2021,,C8E5Z6M4xcE,202,
True Catholic Christianity vs Roman Catholicism,Regan King,Various Scriptures,Sun Jul 04 2021 00:00:00 GMT+0100 (British Summer Time),04 July 2021,,jpGqyr6PeFI,201,
Why We Sing,Ryan King,Ephesians 5:1-21 & Colossians 3:1-17,Sun Jul 04 2021 00:00:00 GMT+0100 (British Summer Time),04 July 2021,,mHWYYsmQqQo,200,
What's the Deal With Deacons? - Reward,Ryan King,1 Timothy 3:13,Sun Jun 27 2021 00:00:00 GMT+0100 (British Summer Time),27 June 2021,,BezGIpCtQT8,199,
A Picture of Biblical Love,Charles Efedua,1 Corinthians 13,Sun Jun 20 2021 00:00:00 GMT+0100 (British Summer Time),20 June 2021,,5-V1QMzO14o,198,
What's the Deal With Deacons? - Responsibilities,Ryan King,1 Timothy 3:8-13,Sun Jun 20 2021 00:00:00 GMT+0100 (British Summer Time),20 June 2021,,5DupZhCFSDs,197,
Your Kingdom Come,Charles Efedua,Matthew 6:9-13,Sun Jun 13 2021 00:00:00 GMT+0100 (British Summer Time),13 June 2021,,ldrRHMLwIJc,196,
What's the Deal With Deacons? - Representatives,Ryan King,"Acts 6:8-10, Acts 8:1-8 & Romans 16:1-2",Sun Jun 13 2021 00:00:00 GMT+0100 (British Summer Time),13 June 2021,,j9CiDkMTj3M,195,
Hallowed Be Your Name,Charles Efedua,Matthew 6:9-13,Sun Jun 06 2021 00:00:00 GMT+0100 (British Summer Time),06 June 2021,,4UF8lOsnLY4,194,
What's the Deal With Deacons? - Roots,Ryan King,Acts 6:1-7,Sun Jun 06 2021 00:00:00 GMT+0100 (British Summer Time),06 June 2021,,8NdMfAOhIgE,193,
What Baptism Shows,Ryan King,Colossians 2:1-15,Sun May 30 2021 00:00:00 GMT+0100 (British Summer Time),30 May 2021,,ZF4dfLYVziY,192,
The Throne Room of God,Regan King,Revelation 4,Sun May 23 2021 00:00:00 GMT+0100 (British Summer Time),23 May 2021,,nSCblY4IpWo,191,
A Pattern of Prayer,Charles Efedua,Matthew 6:9-13,Sun May 23 2021 00:00:00 GMT+0100 (British Summer Time),23 May 2021,,H1EYUH_vbhM,190,
The Work of the Holy Spirit,Charles Efedua,Acts 19:1-10,Sun May 16 2021 00:00:00 GMT+0100 (British Summer Time),16 May 2021,,HnzTkaMIXw8,189,
The Lord Will Be King,Ryan King,Zechariah 14,Sun May 16 2021 00:00:00 GMT+0100 (British Summer Time),16 May 2021,,Ic6tELZXDCM,188,
Praying Without Pretense,Charles Efedua,Matthew 6:5-13,Sun May 09 2021 00:00:00 GMT+0100 (British Summer Time),09 May 2021,,PR9LK1LBvxw,187,
The Good Shepherd,Ryan King,Zechariah 13:7-9,Sun May 09 2021 00:00:00 GMT+0100 (British Summer Time),09 May 2021,,KoG25it5alI,186,
Faith and Politics,Ryan King,Jeremiah 9:4-9,Sun May 02 2021 00:00:00 GMT+0100 (British Summer Time),02 May 2021,,cX7IJyskLZc,185,
"False Prophets Can't Save You, They Need Saving!",Ryan King,Zechariah 13:1-6,Sun May 02 2021 00:00:00 GMT+0100 (British Summer Time),02 May 2021,,lvsX1-hoYGU,184,
Paul's Final Words of Exhortation and Benediction,Charles Efedua,1 Thessalonians 5:16-28,Sun Apr 25 2021 00:00:00 GMT+0100 (British Summer Time),25 April 2021,,8vvK2Az8WrQ,183,
Why Might We Weep?: Godly Grief and Those Who Have It,Ryan King,Zechariah 12:10-14,Sun Apr 25 2021 00:00:00 GMT+0100 (British Summer Time),25 April 2021,,xx1W-GXMHr8,182,
Trials of Various Kinds,Ryan King,James 1:2-4,Sun Apr 18 2021 00:00:00 GMT+0100 (British Summer Time),18 April 2021,,fbAKjVCKMco,181,
He is Able,Ryan King,Zechariah 12:1-9,Sun Apr 18 2021 00:00:00 GMT+0100 (British Summer Time),18 April 2021,,_4MXayhUPmU,180,
The Healthy Church,Charles Efedua,1 Thessalonians 5:12-15,Sun Apr 11 2021 00:00:00 GMT+0100 (British Summer Time),11 April 2021,,TBj76cEk_rw,179,
A Warning to Hurtful Sheep,Ryan King,Zechariah 11:4-17,Sun Apr 11 2021 00:00:00 GMT+0100 (British Summer Time),11 April 2021,,UZ-_6ODBy4Y,178,
The Empty Tomb: Man's Prank or God's Power?,Ryan King,Matthew 28,Sun Apr 04 2021 00:00:00 GMT+0100 (British Summer Time),04 April 2021,,1iAJOI_EH-w,177,
Here is Your King,Charles Efedua,John 19:1-6,Sun Mar 28 2021 00:00:00 GMT+0000 (Greenwich Mean Time),28 March 2021,,6RRoSVBfGwI,176,
Hope for Hurting Sheep,Ryan King,Zechariah 10:3-11:3,Sun Mar 28 2021 00:00:00 GMT+0000 (Greenwich Mean Time),28 March 2021,,Zq9JhYXJ6uY,175,
Be Watchful and Sober,Charles Efedua,1 Thessalonians 5:1-11,Sun Mar 21 2021 00:00:00 GMT+0000 (Greenwich Mean Time),21 March 2021,,Gap2s6Ibl2I,174,
The Problem of Prayerlessness,Ryan King,Zechariah 10:1-2,Sun Mar 21 2021 00:00:00 GMT+0000 (Greenwich Mean Time),21 March 2021,,XwMyGlJ-sd8,173,
"The Meaning, Measure and Message of Generosity",Ryan King,2 Corinthians 9:6-14,Sun Mar 14 2021 00:00:00 GMT+0000 (Greenwich Mean Time),14 March 2021,,NDG0BstgMPE,172,
Her Children Rise Up and Call Her Blessed,Ryan King,Proverbs 31:10-31,Sun Mar 14 2021 00:00:00 GMT+0000 (Greenwich Mean Time),14 March 2021,,Vy_ubE-AM7w,171,
Why Can We Trust the Scriptures,Ryan King,Various Scriptures,Sun Mar 07 2021 00:00:00 GMT+0000 (Greenwich Mean Time),07 March 2021,,sCMmH06jJ5g,170,
You Ain't All That!,Ryan King,Zechariah 9,Sun Mar 07 2021 00:00:00 GMT+0000 (Greenwich Mean Time),07 March 2021,,egWUB9ieAJc,169,
Our Eternal Hope,Charles Efedua,1 Thessalonians 4:13-18,Sun Feb 28 2021 00:00:00 GMT+0000 (Greenwich Mean Time),28 February 2021,,Ij1EquheMxE,168,
The Faith to Feast Part 2,Ryan King,Zechariah 8,Sun Feb 28 2021 00:00:00 GMT+0000 (Greenwich Mean Time),28 February 2021,,HvY0RdkD2h8,167,
A Sanctified Walk,Charles Efedua,1 Thessalonians 4:1-12,Sun Feb 21 2021 00:00:00 GMT+0000 (Greenwich Mean Time),21 February 2021,,F8SdcNGSR_8,166,
The Faith to Feast Part 1,Ryan King,Zechariah 8,Sun Feb 21 2021 00:00:00 GMT+0000 (Greenwich Mean Time),21 February 2021,,CgVESRlItp0,165,
Living a Life Pleasing Unto God,Charles Efedua,1 Thessalonians 4,Sun Feb 14 2021 00:00:00 GMT+0000 (Greenwich Mean Time),14 February 2021,,nX1EJtgF3uk,164,
Can I Stop Now?,Ryan King,Zechariah 7:1-14,Sun Feb 14 2021 00:00:00 GMT+0000 (Greenwich Mean Time),14 February 2021,,n-kGLy81pFM,163,
"""Teach Us to Number Our Days"": Facing the Reality of Our Mortality",Ryan King,Psalm 90,Sun Feb 07 2021 00:00:00 GMT+0000 (Greenwich Mean Time),07 February 2021,,QgTQTQbfQ1Q,162,
Focused Faith in the Face of Fear,Charles Efedua,Psalm 56,Sun Jan 31 2021 00:00:00 GMT+0000 (Greenwich Mean Time),31 January 2021,,vQuPBhJ0s38,161,
Crown Him!,Ryan King,Zechariah 6:9-15,Sun Jan 31 2021 00:00:00 GMT+0000 (Greenwich Mean Time),31 January 2021,,fA_fflCLuXg,160,
What is Your Life?,Regan King,James 4:13-17,Sun Jan 24 2021 00:00:00 GMT+0000 (Greenwich Mean Time),24 January 2021,,A9eE9KDM5cM,159,
How Long? Not Long!,Ryan King,Zechariah 6:1-8,Sun Jan 24 2021 00:00:00 GMT+0000 (Greenwich Mean Time),24 January 2021,,MQsqqyhfrlw,158,
God's Presence Sustains His People,Charles Efedua,Daniel 3:13-30,Sun Jan 17 2021 00:00:00 GMT+0000 (Greenwich Mean Time),17 January 2021,,6HXEujs9sTA,157,
Spiritual Housecleaning: Systemic Sin and the Sovereignty of God Who Saves,Ryan King,Zechariah 5:5-11,Sun Jan 17 2021 00:00:00 GMT+0000 (Greenwich Mean Time),17 January 2021,,DCz4mXjUBw0,156,
The God of Peace Will Soon Crush Satan Under Your Feet,Ryan King,Romans 16,Sun Jan 10 2021 00:00:00 GMT+0000 (Greenwich Mean Time),10 January 2021,,Ga5L2l4R4qs,155,
"One Spirit, One Christ, One Body",Emmanuel Ayoola,1 Corinthians 12:12-31,Sun Jan 03 2021 00:00:00 GMT+0000 (Greenwich Mean Time),03 January 2021,,jxKXvQb2NXo,154,
New Year's Eve 2020,Ryan King,Various Scriptures in Esther,Thu Dec 31 2020 00:00:00 GMT+0000 (Greenwich Mean Time),31 December 2020,,-Wcu5A7h0ek,153,
,Ryan King,Matthew 2:19-23,Sun Dec 27 2020 00:00:00 GMT+0000 (Greenwich Mean Time),27 December 2020,,jCnsOlVhDG4,152,
,Ryan King,Luke 1:26-38,Fri Dec 25 2020 00:00:00 GMT+0000 (Greenwich Mean Time),25 December 2020,,5TGKTxqfRag,151,
,Ryan King,Matthew 2:13-18,Sun Dec 20 2020 00:00:00 GMT+0000 (Greenwich Mean Time),20 December 2020,,Vv4Ll1uLOYM,150,
The Light Shines in the Darkness (Carol Service 2020),Ryan King,John 1:5,Sun Dec 13 2020 00:00:00 GMT+0000 (Greenwich Mean Time),13 Dec 2020,,VmsfFjjS3mM,149,
,Ryan King,Matthew 2:1-12,Sun Dec 13 2020 00:00:00 GMT+0000 (Greenwich Mean Time),13 December 2020,,OJGkIG9ybHk,148,
,Ryan King,Matthew 1:18-24,Sun Dec 06 2020 00:00:00 GMT+0000 (Greenwich Mean Time),06 December 2020,,YHcOTPB88_Y,147,
Flying Curses and the Forgiving Christ,Ryan King,Zechariah 5:1-4,2020-11-29T11:15:10Z,29 Nov 2020,,-u0PdK6K9Hk,146,
The Parable of the Sower and the Kingdom of God,Emmanuel Ayoola,Mark 4:1-20,2020-11-22T11:15:11Z,22 Nov 2020,,nPnEoqvC7Uw,145,
What is the Point?,Barry King,Acts 17:16-34,Sun Nov 22 2020 00:00:00 GMT+0000 (Greenwich Mean Time),22 November 2020,,_0kGKICLok8,144,
This Little Light of Mine: How We Will Grow and Glow as the People of God,Ryan King,Zechariah 4,2020-11-15T11:15:12Z,15 Nov 2020,,k2nchBs3aG4,143,
A Change of Clothes,Ryan King,Zechariah 3,2020-11-08T11:15:09Z,08 Nov 2020,,QccjhG-aiFc,142,
The City Without Walls,Ryan King,Zechariah 2,2020-11-01T11:15:12Z,01 Nov 2020,,4xX0nQnMb2I,141,
Establishing Others,Charles Efedua,1 Thessalonians 3:1-13,2020-10-25T11:15:11Z,25 Oct 2020,,uhtTCfo-Y2k,140,
When God Intervenes,Ryan King,Zechariah 1:18-21,2020-10-18T10:15:11Z,18 Oct 2020,,gLwMhMWigeI,139,
In the Valley,Ryan King,Zechariah 1:7-17,2020-10-11T10:15:12Z,11 Oct 2020,,57yJLsGpNOw,138,
The Lord Remembers,Ryan King,Zechariah 1:1-6,2020-10-04T10:15:11Z,04 Oct 2020,,B-5Ckk88Tqs,137,
The Lord Will Be King,Ryan King,Book of Zechariah Overview (Various Scriptures),2020-09-27T10:15:10Z,27 Sep 2020,,c5xtlF3YPN0,136,
Where's Our Moses?,Ryan King,Exodus 2:11-25,2020-09-20T10:15:12Z,20 Sep 2020,,PAU9AMOBcPY,135,
I Have a Baptism Ahead of Me,Ryan King,Luke 12:49-53,Sun Sep 13 2020 00:00:00 GMT+0100 (British Summer Time),13 September 2020,,wbc-bxqSXRM,134,
A Call to Spiritual Growth,Charles Efedua,1 Thessalonians 2:13-20,2020-09-06T10:15:11Z,06 Sep 2020,,6MeJ9QRoFb4,133,
What Ministering to Others Looks Like,Charles Efedua,1 Thessalonians 2:1-12,2020-08-30T10:15:10Z,30 Aug 2020,,GjhBOFl6Wp0,132,
Marks of a Healthy Church,Charles Efedua,1 Thessalonians 1:1-10,2020-08-23T10:15:10Z,23 Aug 2020,,RASH36uHHDU,131,
Jesus is King...and What That Means for Us,Ryan King,Hebrews 1:1-4 (and Various Scriptures),2020-08-16T10:15:11Z,16 Aug 2020,,rb-GYZ-SDIM,130,
Jesus is Priest...and What That Means for Us,Ryan King,Hebrews 1:1-4 (and Various Scriptures),2020-08-09T10:15:12Z,09 Aug 2020,,g6NjIPug5WU,129,
Jesus is Prophet...and What That Means for Us,Ryan King,Hebrews 1:1-4,2020-08-02T10:15:11Z,02 Aug 2020,,2UWpuEAf2t4,128,
God's Voice of Comfort,Charles Efedua,Isaiah 40:1-11,2020-07-26T10:15:13Z,26 Jul 2020,,rP-rBDX3Dxc,127,
"Marriage by God, for God",Ryan King,Malachi 2:13-15,2020-07-19T10:15:13Z,19 Jul 2020,,WQhqrgPb9Pk,126,
Are You Facing Death?,Ryan King,John 11:1-44,2020-07-12T10:15:15Z,12 Jul 2020,,qY8Z6KE2tdU,125,
Are You in Darkness?,Ryan King,John 9:1-41,2020-07-05T10:15:30Z,05 Jul 2020,,PYAiece2i3M,124,
Are You Hungry and Oppressed?,Ryan King,John 6:1-21,2020-06-28T10:15:12Z,28 Jun 2020,,xABz5_xV0Lk,123,
Are You Broken?,Ryan King,John 5:1-18,2020-06-21T10:15:15Z,21 Jun 2020,,R3ISVz2rbKQ,122,
Are You Afraid?,Ryan King,John 4:46-54,2020-06-14T10:15:14Z,14 Jun 2020,,w_JFKkE6Xn8,121,
Are You Fed Up?,Ryan King,John 2:13-22,2020-06-07T10:15:14Z,07 Jun 2020,,sFcyZWRwBiY,120,
Do You Feel Empty?,Ryan King,John 2:1-11,2020-05-31T10:15:15Z,31 May 2020,,UNWzqmx-5eE,119,
But He Hesitated,Ryan King,Genesis 19:15-16a,2020-05-24T10:15:11Z,24 May 2020,,SuEyOtpTdso,118,
Refuge: An Invitation to the Rejected and Dejected,Ryan King,1 Samuel 22:1-2,2020-05-17T10:15:12Z,17 May 2020,,KsWDfVunqbA,117,
Exaltation,Ryan King,Haggai 2:20-23,2020-05-10T10:15:28Z,10 May 2020,,mPtZx0RskSE,116,
Transformation,Ryan King,Haggai 2:10-19,2020-05-03T10:15:12Z,03 May 2020,,wO9BLYJmq-w,115,
Restoration,Ryan King,Haggai 2:1-9,2020-04-26T10:15:12Z,26 Apr 2020,,meTP203oBTg,114,
Motivation,Ryan King,Haggai 1:12-15,2020-04-19T10:15:24Z,19 Apr 2020,,c1o8kNKLq0s,113,
Why Are There So Many Signs About Rainbows?,Ryan King,"Hebrews 11:1-3, 6-7, 12:1-3",2020-04-12T10:15:11Z,12 Apr 2020,,1jZ1H5sU9xI,112,
Three Crowns,Ryan King,John 19:1-22,2020-04-05T10:15:15Z,05 Apr 2020,,UKcPCLSe8Z8,111,
Consideration,Ryan King,Haggai 1:3-11,2020-03-29T10:15:12Z,29 Mar 2020,,ZN0eBx3kehg,110,
"""What Shall We Say to Suffering?""",Ryan King,Romans 8:31-39,2020-03-22T11:00:10Z,22 Mar 2020,,a92rKVhdrn0,109,
Procrastination,Ryan King,Haggai 1:1-2,2020-03-20T08:56:00Z,20 Mar 2020,,Jdz8tgPZW24,108,
The Gospel According to Baptism,Ryan King,1 Peter 3:18-22,2020-03-20T08:51:29Z,20 Mar 2020,,QAOiymJPFos,107,
Pursuing the Pleasure of God in the Progress of His People,Ryan King,Haggai 1,2020-03-20T08:48:34Z,20 Mar 2020,,D4xjRfcKMN8,106,
Teach Us to Number Our Days,Ryan King,Psalm 90,2020-03-20T08:42:22Z,20 Mar 2020,,-ZCyeGqHI8c,105,
"""Always Abounding: The Works of Love""",Ryan King,1 Corinthians 16:14-24,2020-03-20T08:38:31Z,20 Mar 2020,,-ArsM3x8ia0,104,
"""Always Abounding: Works of Spiritual Maturity""",Ryan King,1 Corinthians 16:3,2020-02-21T16:59:35Z,21 Feb 2020,,-_zn-bZvYIE,103,
"""Always Abounding: The Work of Hospitality""",Ryan King,1 Corinthians 16:5-12,2020-02-21T16:44:21Z,21 Feb 2020,,6uvgV5bpHtM,102,
"""Always Abounding: The Work of Giving""",Ryan King,1 Corinthians 15:58-16:4,2020-02-21T16:15:51Z,21 Feb 2020,,AZgQIDypE6Y,101,
'Glory to the New Born King': Christ for Eternity... And for Life,Ryan King,1 Corinthians 15:35-58,2020-01-03T16:30:36Z,03 Jan 2020,,BQBaFuRMDuI,100,
Three Doubtful Dads,Ryan King,"Genesis 18:1-15, 21:1-7; Luke 1:5-25, 57-80; Matthew 1:18-25",2020-01-03T16:02:28Z,03 Jan 2020,,jVQqY_uKMIY,99,
'Born to Give Them Second Birth' : Christ in the Dead,Ryan King,1 Corinthians 15:29-34,2020-01-03T15:51:10Z,03 Jan 2020,,bZrN7DB7NNE,98,
'Born to Raise the Sons of Earth' : Christ Over the Dead,Ryan King,1 Corinthians 15:12-28,2020-01-03T15:13:35Z,03 Jan 2020,,HmVLDxBaGp0,97,
Who is Jesus?,Ryan King,Luke 2:8-14,Wed Dec 25 2019 00:00:00 GMT+0000 (Greenwich Mean Time),25 Dec 2019,,dkpzOIgB61A,96,
"""You Shall Bear a Son""",Ryan King,"Genesis 16, Judges 13, Luke 1:26-38",2019-12-12T13:15:19Z,12 Dec 2019,,t-zhCWMmmi4,95,
"""Born That Man No More May Die"": Christ Over Death",Ryan King,1 Corinthians 15:4-11,2019-12-12T13:04:47Z,12 Dec 2019,,LCOeiOvlcaU,94,
"""Mild He Lay His Glory By"": Christ in Death",Ryan King,1 Corinthians 15:1-3,2019-12-12T12:56:00Z,12 Dec 2019,,faAZLkWQZdw,93,
Principles That Regulate,Ryan King,1 Corinthians 14,2019-12-12T10:51:17Z,12 Dec 2019,,jyNc8nU15u4,92,
Talking About Tongues...,Ryan King,1 Corinthians 14,2019-11-20T21:01:02Z,20 Nov 2019,,eDNKwnhCB9M,91,
Profitable Prophecy,Ryan King,1 Corinthians 14,2019-11-20T20:32:17Z,20 Nov 2019,,XQrr3HsPd44,90,
"""What Prevents Me?""",Ryan King,Acts 8:26-40,2019-10-30T17:28:48Z,30 Oct 2019,,e1AIvvEIyow,89,
Agape,Ryan King,1 Corinthians 13,2019-10-30T16:29:32Z,30 Oct 2019,,7XU7Bs-7KFI,88,
A Perfect Man,Ryan King,Ephesians 4:1-16,2019-10-30T16:13:05Z,30 Oct 2019,,5HVmnwM4z68,87,
"The Lord, Leaders, and the Local Church",Ryan King,1 Corinthians 12:27-31,2019-10-30T16:00:04Z,30 Oct 2019,,gXPNx2k_pVg,86,
Unhealthy Church Excursus: Isolation,Ryan King,Proverbs 18:1,2019-10-23T17:40:10Z,23 Oct 2019,,okHZgjToabg,85,
"Many Members, One Body",Ryan King,1 Corinthians 12:12-26,2019-10-23T17:35:43Z,23 Oct 2019,,h5sRveGR2RQ,84,
Mute Idols and the God Who Speaks,Ryan King,1 Corinthians 12:1-11,2019-10-23T17:27:35Z,23 Oct 2019,,YIK5Pid4zwU,83,
Is It the Lord's Supper That We Eat?,Ryan King,1 Corinthians 11:17-34,2019-10-23T17:19:25Z,23 Oct 2019,,Zd5rmgKJQSs,82,
Broken Bodies,Ryan King,1 Corinthians 11:17-34,2019-10-23T17:01:28Z,23 Oct 2019,,lf9dkmhqCKw,81,
Another Toppled Temple,Ryan King,John 2:13-22,2019-10-01T11:05:36Z,01 Oct 2019,,En8HpT-J_KQ,80,
Over Our Heads? Authority and Mutuality at Home and Church,Ryan King,1 Corinthians 11:2-16,2019-09-25T12:59:57Z,25 Sep 2019,,C-lSuFEigMM,79,
Family Traditions,Ryan King,1 Corinthians 11-16,2019-09-14T11:08:53Z,14 Sep 2019,,fbSAH9JaPLw,78,
Confession,Ryan King,John 1:19-28,2019-09-14T10:56:40Z,14 Sep 2019,,2SI-mkDR-0E,77,
Sovereignty That Sustains,Ryan King,Jeremiah 1:6-10,2019-09-14T10:49:40Z,14 Sep 2019,,tJO8qnCiTrw,76,
"Something Greater, Someone Better, Some Day Soon: The Help We Need and the Hope We Have",Ryan King,Jonah 2:10,2019-09-14T10:43:25Z,14 Sep 2019,,QYnf85ds6o0,75,
"The Wrong Questions, the Right Answers, and the Only Way",Ryan King,1 Corinthians 10:23-33,2019-09-14T10:04:10Z,14 Sep 2019,,6I5YnJJrkkw,74,
Between Two Meals,Ryan King,1 Corinthians 10:14-22,2019-09-14T09:57:56Z,14 Sep 2019,,pyUSOQ61D0Y,73,
From Climbing Tree to Hanging Tree,Ryan King,Luke 19:1-10,2019-07-17T16:06:50Z,17 Jul 2019,,NEMgFgfxPdo,72,
"Shadows, Substance, and Solid Ground",Ryan King,1 Corinthians 10:1-14,2019-07-11T11:52:44Z,11 Jul 2019,,SMo5YUF1pao,71,
Necessity is Laid on Me,Ryan King,1 Corinthians 9:15-27,2019-07-04T10:16:18Z,04 Jul 2019,,6W9FJSlbrOE,70,
Paid Gospel Workers: Repugnant or Right?,Ryan King,1 Corinthians 9:1-14,2019-07-02T20:21:38Z,02 Jul 2019,,0Hgm6VN9frU,69,
To Know is Not Enough,Ryan King,1 Corinthians 8,2019-07-02T20:02:16Z,02 Jul 2019,,kSUYq7l1VpU,68,
"""Why Do You Stand Looking Into Heaven?""",Ryan King,Acts 1:6-11,2019-06-21T16:19:29Z,21 Jun 2019,,qy-n4nemius,67,
Bad Marriage Part 2: When Marriage is More United Than Divided,Ryan King,1 Corinthians 7:10-16,2019-06-07T09:53:24Z,07 Jun 2019,,bjALrxqT3w8,66,
Bad Marriage Part 1: Excursus,Ryan King,Jeremiah 3; 1 Corinthians 7:10-11,2019-06-07T09:00:26Z,07 Jun 2019,,43SFuhq0h_E,65,
Good Singleness?,Ryan King,1 Corinthians 7:6-40,2019-06-07T08:56:52Z,07 Jun 2019,,MII9gtJWCxw,64,
Good Sex,Ryan King,1 Corinthians 7:1-5,2019-06-07T08:36:00Z,07 Jun 2019,,5lSb2Eaf3Ng,63,
FAQs: Two Questions for an Answer,Ryan King,1 Corinthians 7-11:1,2019-06-07T08:15:26Z,07 Jun 2019,,UCAk_2brja8,62,
When and Now: Looking to the Future While We Live in the Present,Ryan King,1 John 3:1-3,2019-04-15T09:08:52Z,15 Apr 2019,,hvtVUd-E4Uk,61,
"""We Wish to See Jesus!""",Ryan King,John 12:21,2019-04-15T08:54:58Z,15 Apr 2019,,X_IBIqzG6g0,60,
Forever: The Unchanging God in an Ever Changing World,Ryan King,Malachi 3:6,2019-04-15T08:27:37Z,15 Apr 2019,,w7HwZkHcUao,59,
"""How Long, O Lord?: A Prayer to God Over Time to Pity People Running Out of Time""",Ryan King,Psalm 90,2019-04-15T08:15:14Z,15 Apr 2019,,IdgrpxxBvZY,58,
Blood-Bought Bodies,Ryan King,1 Corinthians 6:12-20,2019-03-29T18:46:53Z,29 Mar 2019,,rffdY-LUljI,57,
Cleansed Into the Kingdom,Ryan King,1 Corinthians 6:9-11,2019-03-25T17:12:44Z,25 Mar 2019,,pWbOfCSt74Q,56,
Kingdom Court,Ryan King,1 Corinthians 6:1-8,2019-02-26T12:34:56Z,26 Feb 2019,,f1AzHYe8oeY,55,
Biblical Deacons,Ryan King,Acts 6:1-7,2019-02-15T10:40:25Z,15 Feb 2019,,HSxuU8xrfBo,54,
Kingdom Cleansing,Ryan King,1 Corinthians 5,2019-02-15T10:21:28Z,15 Feb 2019,,NvGmTaTDsYw,53,
When Tiberius Was King,Ryan King,John 6:16-21,2019-01-29T12:56:30Z,29 Jan 2019,,8IfBTnbgTAE,52,
Turning From Talk to Power,Ryan King,1 Corinthians 4:20,2019-01-21T16:40:17Z,21 Jan 2019,,3hTZOiKJT-w,51,
Repenting of Wrong Attitudes Toward Church Leaders,Ryan King,1 Corinthians 4,2019-01-21T11:07:10Z,21 Jan 2019,,klNDIh27dOk,50,
Church Leadership,Ryan King,1 Corinthians 4,2019-01-21T10:43:08Z,21 Jan 2019,,zxXkpZ2ZnOg,49,
A Trail of Tears: Finding Grace in the Wilderness of Grief,Ryan King,Jeremiah 31:15,2018-12-30T16:51:05Z,30 Dec 2018,,eSAeqjVxRhk,48,
Fulfilled! God's Prophetic Revelation in Christ's Incarnation,Ryan King,Isaiah 7:1-17; Matthew 1:18-25,2018-12-18T12:56:50Z,18 Dec 2018,,undqCVU8NtY,47,
God's Dwelling: Reflecting on and Reacting to God's Lovely Presence in the Local Church,Ryan King,Psalm 84,2018-12-10T20:23:23Z,10 Dec 2018,,EDiEv0jwGYc,46,
Becoming Fools,Charles Efedua,1 Corinthians 3:18-23,2018-12-10T20:12:15Z,10 Dec 2018,,Wu1v8Ochi1k,45,
God's Building Site Part 2,Ryan King,1 Corinthians 3:16-17,2018-12-10T19:57:52Z,10 Dec 2018,,o7nKejzvwZI,44,
"God's Building Site, Part 1",Ryan King,1 Corinthians 3:10-15,2018-12-10T19:45:19Z,10 Dec 2018,,qaIjH-GPXZ4,43,
Arrested Development: Infantile Immaturity and the Path to Growth,Ryan King,1 Corinthians 3:1-9,2018-12-10T19:26:25Z,10 Dec 2018,,Pyx24uOgBoI,42,
Three Mountains to Climb,Ryan King,Matthew 16:28-17:8,2018-12-10T19:04:56Z,10 Dec 2018,,yzzkxrciu-8,41,
Everybody Else's Wisdom,Ryan King,1 Corinthians 2:6-16,2018-12-10T11:40:21Z,10 Dec 2018,,NWAjQS_ZzWk,40,
Sinner or Saint?,Ryan King,Luke 18:9-14,2018-12-10T11:15:17Z,10 Dec 2018,,N8-5QBAgGcQ,39,
Christ-Centred Church,Ryan King,1 Corinthians 2:1-5,2018-11-08T12:19:28Z,08 Nov 2018,,V5nKUWXIeKQ,38,
Consider. Your. Calling.,Ryan King,1 Corinthians 1:26-31,2018-11-08T12:00:30Z,08 Nov 2018,,PsahI-XwI-0,37,
Set an Example,Charles Efedua,1 Timothy 4:12,2018-11-08T11:45:38Z,08 Nov 2018,,N-6XkQd3DA0,36,
What the Cross Is,Ryan King,1 Corinthians 1:18-25,2018-11-08T11:30:22Z,08 Nov 2018,,G2LkzxmHsIw,35,
"Christ, the Solution to Our Division",Ryan King,1 Corinthians 1:10-17,2018-11-08T11:20:30Z,08 Nov 2018,,OHRUd0Mvz6o,34,
"""How is the Church?""",Ryan King,1 Corinthians 1:4-9,2018-11-03T14:17:16Z,03 Nov 2018,,wKk2YdbrSZg,33,
"""What is the Church?""",Ryan King,1 Corinthians 1:1-3,2018-11-03T14:03:49Z,03 Nov 2018,,f_wgue8MIJI,32,
What Are You Setting Your Minds On?,Ryan King,Matthew 16:21-28,2018-11-03T13:41:54Z,03 Nov 2018,,dWyOPDbbhCk,31,
Unhealthy Church,Ryan King,1 Corinthians,2018-11-03T13:26:44Z,03 Nov 2018,,4uSM7YGU4wE,30,
One Night in Corinth,Ryan King,Acts 18:1-16,2018-10-11T16:27:29Z,11 Oct 2018,,I1ldu188T8Q,29,
"Mountain Tops, Broom Trees, and Cave Holes",Ryan King,1 Kings 18-19,2018-10-09T20:43:33Z,09 Oct 2018,,3eVRF75JsAo,28,
God's Control and the Gospel Call Part 2,Ryan King,Acts 13-14,2018-10-09T20:16:38Z,09 Oct 2018,,R9FdpfDI7QQ,27,
God's Control and the Gospel Call Part 1,Ryan King,Acts 13-14,2018-10-09T20:06:29Z,09 Oct 2018,,U7wBXYxuIco,26,
From Sacrifices for Sin to Sacrifices of Praise,Ryan King,Hebrews 10,Sun Sep 02 2018 00:00:00 GMT+0100 (British Summer Time),02 Sep 2018,,TQhLGXbAL7I,25,
Turn Your Hearts,Ryan King,2 Chronicles 17-20,Sun Aug 12 2018 00:00:00 GMT+0100 (British Summer Time),12 Aug 2018,,1sz20FN09nc,24,
Excursus: Jehoshaphat Part 2,Ryan King,2 Chronicles 20,2018-08-07T10:50:01Z,07 Aug 2018,,qsvoSXDG390,23,
Yahweh is God With Us,Ryan King,Joel 3:17-21,2018-08-07T10:29:49Z,07 Aug 2018,,RxiN7x0pKWM,22,
Excursus: Jehoshaphat Part 1,Ryan King,2 Chronicles 20,2018-08-07T10:22:45Z,07 Aug 2018,,otIrVh-R-Wo,21,
Yahweh of the Day,Ryan King,Joel 3:4-16,2018-08-07T09:54:54Z,07 Aug 2018,,kAWj6DSijK4,20,
Yahweh's Day,Ryan King,Joel 3:1-8,2018-08-07T09:38:58Z,07 Aug 2018,,WlqE5CjkCgI,19,
Excursus: Peter's Exposition of Joel,Ryan King,Acts 2:14-38,2018-07-19T15:49:20Z,19 Jul 2018,,SYS6wgIZ4sQ,18,
Yahweh Will Do Greater Things Part 2,Ryan King,Joel 2:30-32,2018-07-19T15:41:24Z,19 Jul 2018,,JaRaaewZzWk,17,
Yahweh Will Do Greater Things Part 1,Ryan King,Joel 2:28-29,2018-07-02T11:49:22Z,02 Jul 2018,,p_JNNUMnMUY,16,
Yahweh Does Great Things Part 2,Ryan King,Joel 2:18-27,2018-06-20T08:48:17Z,20 Jun 2018,,nT2cRl2AAJs,15,
Yahweh Does Great Things,Ryan King,Joel 2:18-27,2018-06-20T08:39:51Z,20 Jun 2018,,QYEvL-QuDcA,14,
Yahweh is Coming,Ryan King,Joel 2:1-17,2018-06-20T08:30:07Z,20 Jun 2018,,JLlUxGc5JFQ,13,
Yahweh is Powerful to Destroy and to Deliver,Ryan King,Joel 1:2-20,2018-05-21T07:58:53Z,21 May 2018,,SLQDA8lHWJw,12,
Yahweh is God Over Us,Ryan King,Joel 1:2-20,2018-05-17T13:19:33Z,17 May 2018,,t60eDwqpjrU,11,
Yahweh is God,Ryan King,Joel 1:1,2018-05-14T10:23:19Z,14 May 2018,,AMoFrPMls7A,10,
To the Only Wise God Be Glory Forevermore,Ryan King,Romans 16:27,2018-05-02T13:28:49Z,02 May 2018,,urh2dbFUDTE,9,
The God Who is Able,Ryan King,Romans 16:25-26,2018-04-30T18:03:52Z,30 Apr 2018,,6w0aEELIS0E,8,
The God of Peace Will Soon Crush Satan Under Your Feet,Ryan King,Romans 16:1-24,2018-04-25T11:11:24Z,25 Apr 2018,,uQE2fkKT8AY,7,
Our Wonderful Hope,Ryan King,Romans 15:7-13,2018-04-10T13:53:13Z,10 Apr 2018,,k4oJUSFiha8,6,
The Resurrection of Jesus Christ: Man's Prank or God's Power?,Ryan King,Matthew 28,Sun Apr 01 2018 00:00:00 GMT+0100 (British Summer Time),01 Apr 2018,,78oBmEGnzg4,5,
"'What Shall We Say to Suffering?""",Ryan King,Romans 8:31-39,2018-01-24T12:00:07Z,24 Jan 2018,,_KbC3N933dc,4,
Giving Thanks,Ryan King,Romans 1:8-13,2017-10-13T13:52:43Z,13 Oct 2017,,H9Lg-c-dqes,3,
Getting Started Through Romans,Ryan King,Romans 1:1-7,2017-10-13T13:48:01Z,13 Oct 2017,,b4bn86_AHhs,2,
"""God is Right""",Ryan King,Romans,Sun Sep 10 2017 00:00:00 GMT+0100 (British Summer Time),10 Sep 2017,,H6jnL-vFL8o,1,
